userId,name
u1,User1
u2,User2
u3,User3
u4,User4
u5,User5
u6,User6
u7,User7
u8,User8
u9,User9
u10,User10
u11,User11
u12,User12
u13,User13
u14,User14
u15,User15
u16,User16
u17,User17
u18,User18
u19,User19
u20,User20
u21,User21
u22,User22
u23,User23
u24,User24
u25,User25
u26,User26
u27,User27
u28,User28
u29,User29
u30,User30
u31,User31
u32,User32
u33,User33
u34,User34
u35,User35
u36,User36
u37,User37
u38,User38
u39,User39
u40,User40
u41,User41
u42,User42
u43,User43
u44,User44
u45,User45
u46,User46
u47,User47
u48,User48
u49,User49
u50,User50
